regime,test_battery,model,feature,mean_abs_shap
within_NASA,B0005,ElasticNet,global_cycle,16.19405131231383
within_NASA,B0005,ElasticNet,discharge_time_s,6.9743934635237315
within_NASA,B0005,ElasticNet,avg_voltage,9.01633719449025
within_NASA,B0005,ElasticNet,voltage_drop,19.312474415612947
within_NASA,B0005,ElasticNet,avg_current,0.8628218903105092
within_NASA,B0005,RandomForest,global_cycle,7.404377696854714
within_NASA,B0005,RandomForest,discharge_time_s,1.8368440669769899
within_NASA,B0005,RandomForest,avg_voltage,28.417282835397593
within_NASA,B0005,RandomForest,voltage_drop,4.851376206970932
within_NASA,B0005,RandomForest,avg_current,2.319566563724046
within_NASA,B0005,XGBoost,global_cycle,13.176913261413574
within_NASA,B0005,XGBoost,discharge_time_s,1.2522497177124023
within_NASA,B0005,XGBoost,avg_voltage,23.408374786376953
within_NASA,B0005,XGBoost,voltage_drop,7.706441402435303
within_NASA,B0005,XGBoost,avg_current,3.053980827331543
within_NASA,B0006,ElasticNet,global_cycle,8.938268540845801
within_NASA,B0006,ElasticNet,discharge_time_s,12.198145439845351
within_NASA,B0006,ElasticNet,avg_voltage,20.288546533579705
within_NASA,B0006,ElasticNet,voltage_drop,0.11307963216645732
within_NASA,B0006,ElasticNet,avg_current,4.090657661007357
within_NASA,B0006,RandomForest,global_cycle,1.9482349833708827
within_NASA,B0006,RandomForest,discharge_time_s,18.297315800369454
within_NASA,B0006,RandomForest,avg_voltage,26.485288604363355
within_NASA,B0006,RandomForest,voltage_drop,0.1557556632668335
within_NASA,B0006,RandomForest,avg_current,0.11654006635986651
within_NASA,B0006,XGBoost,global_cycle,4.989511966705322
within_NASA,B0006,XGBoost,discharge_time_s,14.988157272338867
within_NASA,B0006,XGBoost,avg_voltage,23.974964141845703
within_NASA,B0006,XGBoost,voltage_drop,1.2200642824172974
within_NASA,B0006,XGBoost,avg_current,0.7046200633049011
within_NASA,B0007,ElasticNet,global_cycle,15.56959282415575
within_NASA,B0007,ElasticNet,discharge_time_s,6.962114510723302
within_NASA,B0007,ElasticNet,avg_voltage,11.34400058895222
within_NASA,B0007,ElasticNet,voltage_drop,28.468485044880286
within_NASA,B0007,ElasticNet,avg_current,1.062970542442428
within_NASA,B0007,RandomForest,global_cycle,5.199300973796579
within_NASA,B0007,RandomForest,discharge_time_s,3.0176072090333625
within_NASA,B0007,RandomForest,avg_voltage,27.703004338414345
within_NASA,B0007,RandomForest,voltage_drop,0.8372901884813347
within_NASA,B0007,RandomForest,avg_current,6.590018537130812
within_NASA,B0007,XGBoost,global_cycle,10.4729642868042
within_NASA,B0007,XGBoost,discharge_time_s,2.3613221645355225
within_NASA,B0007,XGBoost,avg_voltage,22.84636878967285
within_NASA,B0007,XGBoost,voltage_drop,3.0241622924804688
within_NASA,B0007,XGBoost,avg_current,6.5672383308410645
within_NASA,B0018,ElasticNet,global_cycle,8.902573368614327
within_NASA,B0018,ElasticNet,discharge_time_s,8.50823874897385
within_NASA,B0018,ElasticNet,avg_voltage,13.781300182103735
within_NASA,B0018,ElasticNet,voltage_drop,0.30170635206482094
within_NASA,B0018,ElasticNet,avg_current,0.19601591846826458
within_NASA,B0018,RandomForest,global_cycle,5.434068400092595
within_NASA,B0018,RandomForest,discharge_time_s,2.062513949221678
within_NASA,B0018,RandomForest,avg_voltage,35.73926664392691
within_NASA,B0018,RandomForest,voltage_drop,0.6030078782102234
within_NASA,B0018,RandomForest,avg_current,3.0731006514595935
within_NASA,B0018,XGBoost,global_cycle,7.506668567657471
within_NASA,B0018,XGBoost,discharge_time_s,2.377234697341919
within_NASA,B0018,XGBoost,avg_voltage,30.761131286621094
within_NASA,B0018,XGBoost,voltage_drop,3.6333162784576416
within_NASA,B0018,XGBoost,avg_current,3.446993827819824
within_CALCE,CS2_35,ElasticNet,global_cycle,49.10715677348587
within_CALCE,CS2_35,ElasticNet,discharge_time_s,33.37665183955365
within_CALCE,CS2_35,ElasticNet,avg_voltage,4.049336458788831
within_CALCE,CS2_35,ElasticNet,voltage_drop,1.1713429249230458
within_CALCE,CS2_35,ElasticNet,avg_current,1.465851199499577
within_CALCE,CS2_35,RandomForest,global_cycle,60.31753951891927
within_CALCE,CS2_35,RandomForest,discharge_time_s,61.87747587883252
within_CALCE,CS2_35,RandomForest,avg_voltage,12.75334880368683
within_CALCE,CS2_35,RandomForest,voltage_drop,14.809769561117859
within_CALCE,CS2_35,RandomForest,avg_current,1.9547083182463867
within_CALCE,CS2_35,XGBoost,global_cycle,69.1935043334961
within_CALCE,CS2_35,XGBoost,discharge_time_s,34.604454040527344
within_CALCE,CS2_35,XGBoost,avg_voltage,11.826598167419434
within_CALCE,CS2_35,XGBoost,voltage_drop,47.4410514831543
within_CALCE,CS2_35,XGBoost,avg_current,2.9020192623138428
within_CALCE,CS2_36,ElasticNet,global_cycle,57.49417188111312
within_CALCE,CS2_36,ElasticNet,discharge_time_s,42.79439654911412
within_CALCE,CS2_36,ElasticNet,avg_voltage,2.265106545099472
within_CALCE,CS2_36,ElasticNet,voltage_drop,0.0
within_CALCE,CS2_36,ElasticNet,avg_current,0.7324645102170128
within_CALCE,CS2_36,RandomForest,global_cycle,94.51363726398534
within_CALCE,CS2_36,RandomForest,discharge_time_s,13.94441974248442
within_CALCE,CS2_36,RandomForest,avg_voltage,1.0489310303668125
within_CALCE,CS2_36,RandomForest,voltage_drop,7.77802674324512
within_CALCE,CS2_36,RandomForest,avg_current,3.54520206966115
within_CALCE,CS2_36,XGBoost,global_cycle,81.39707946777344
within_CALCE,CS2_36,XGBoost,discharge_time_s,27.18231964111328
within_CALCE,CS2_36,XGBoost,avg_voltage,1.2039414644241333
within_CALCE,CS2_36,XGBoost,voltage_drop,8.629156112670898
within_CALCE,CS2_36,XGBoost,avg_current,5.787715435028076
within_CALCE,CS2_37,ElasticNet,global_cycle,49.40988137273604
within_CALCE,CS2_37,ElasticNet,discharge_time_s,43.207023650519396
within_CALCE,CS2_37,ElasticNet,avg_voltage,5.7248923128661255
within_CALCE,CS2_37,ElasticNet,voltage_drop,35.089969449071894
within_CALCE,CS2_37,ElasticNet,avg_current,2.069603117240246
within_CALCE,CS2_37,RandomForest,global_cycle,33.98151116791236
within_CALCE,CS2_37,RandomForest,discharge_time_s,97.74149375717435
within_CALCE,CS2_37,RandomForest,avg_voltage,18.57925419428175
within_CALCE,CS2_37,RandomForest,voltage_drop,15.947454154472018
within_CALCE,CS2_37,RandomForest,avg_current,4.162398997349945
within_CALCE,CS2_37,XGBoost,global_cycle,69.12557983398438
within_CALCE,CS2_37,XGBoost,discharge_time_s,56.83415985107422
within_CALCE,CS2_37,XGBoost,avg_voltage,12.25196647644043
within_CALCE,CS2_37,XGBoost,voltage_drop,35.3925666809082
within_CALCE,CS2_37,XGBoost,avg_current,2.9697742462158203
within_CALCE,CS2_38,ElasticNet,global_cycle,81.41456282530363
within_CALCE,CS2_38,ElasticNet,discharge_time_s,20.79701216035095
within_CALCE,CS2_38,ElasticNet,avg_voltage,2.543233124772975
within_CALCE,CS2_38,ElasticNet,voltage_drop,4.082743528064405
within_CALCE,CS2_38,ElasticNet,avg_current,1.1720871108057838
within_CALCE,CS2_38,RandomForest,global_cycle,114.98901524803598
within_CALCE,CS2_38,RandomForest,discharge_time_s,27.317637859609693
within_CALCE,CS2_38,RandomForest,avg_voltage,5.53408168159327
within_CALCE,CS2_38,RandomForest,voltage_drop,4.183818460991034
within_CALCE,CS2_38,RandomForest,avg_current,1.2556870296027243
within_CALCE,CS2_38,XGBoost,global_cycle,101.19427490234375
within_CALCE,CS2_38,XGBoost,discharge_time_s,31.066566467285156
within_CALCE,CS2_38,XGBoost,avg_voltage,5.650352954864502
within_CALCE,CS2_38,XGBoost,voltage_drop,4.233345985412598
within_CALCE,CS2_38,XGBoost,avg_current,1.8298835754394531
NASA_to_CALCE,CS2_35,ElasticNet,global_cycle,43.14206388457574
NASA_to_CALCE,CS2_35,ElasticNet,discharge_time_s,5.891558470157324
NASA_to_CALCE,CS2_35,ElasticNet,avg_voltage,155.22304816114388
NASA_to_CALCE,CS2_35,ElasticNet,voltage_drop,1.7221332878375826
NASA_to_CALCE,CS2_35,ElasticNet,avg_current,0.6698737303528308
NASA_to_CALCE,CS2_35,RandomForest,global_cycle,7.988132745687704
NASA_to_CALCE,CS2_35,RandomForest,discharge_time_s,6.249249239687919
NASA_to_CALCE,CS2_35,RandomForest,avg_voltage,53.63695991106245
NASA_to_CALCE,CS2_35,RandomForest,voltage_drop,0.16268385731450727
NASA_to_CALCE,CS2_35,RandomForest,avg_current,5.252603034338857
NASA_to_CALCE,CS2_35,XGBoost,global_cycle,18.91448402404785
NASA_to_CALCE,CS2_35,XGBoost,discharge_time_s,3.0427510738372803
NASA_to_CALCE,CS2_35,XGBoost,avg_voltage,49.366004943847656
NASA_to_CALCE,CS2_35,XGBoost,voltage_drop,0.7848466634750366
NASA_to_CALCE,CS2_35,XGBoost,avg_current,3.5037028789520264
NASA_to_CALCE,CS2_36,ElasticNet,global_cycle,28.98361692039205
NASA_to_CALCE,CS2_36,ElasticNet,discharge_time_s,7.426261327358791
NASA_to_CALCE,CS2_36,ElasticNet,avg_voltage,160.1564692293775
NASA_to_CALCE,CS2_36,ElasticNet,voltage_drop,1.639373171044178
NASA_to_CALCE,CS2_36,ElasticNet,avg_current,0.6639472780256945
NASA_to_CALCE,CS2_36,RandomForest,global_cycle,7.570300932526285
NASA_to_CALCE,CS2_36,RandomForest,discharge_time_s,5.57110989252608
NASA_to_CALCE,CS2_36,RandomForest,avg_voltage,54.002530982712514
NASA_to_CALCE,CS2_36,RandomForest,voltage_drop,0.1661315790175846
NASA_to_CALCE,CS2_36,RandomForest,avg_current,5.5560721743444255
NASA_to_CALCE,CS2_36,XGBoost,global_cycle,17.23894500732422
NASA_to_CALCE,CS2_36,XGBoost,discharge_time_s,3.830548048019409
NASA_to_CALCE,CS2_36,XGBoost,avg_voltage,49.58921813964844
NASA_to_CALCE,CS2_36,XGBoost,voltage_drop,0.7391663789749146
NASA_to_CALCE,CS2_36,XGBoost,avg_current,3.764646530151367
NASA_to_CALCE,CS2_37,ElasticNet,global_cycle,45.27182562911202
NASA_to_CALCE,CS2_37,ElasticNet,discharge_time_s,7.097986614484603
NASA_to_CALCE,CS2_37,ElasticNet,avg_voltage,158.3887177225657
NASA_to_CALCE,CS2_37,ElasticNet,voltage_drop,1.8302202920739659
NASA_to_CALCE,CS2_37,ElasticNet,avg_current,0.6699479998417929
NASA_to_CALCE,CS2_37,RandomForest,global_cycle,8.209508727204808
NASA_to_CALCE,CS2_37,RandomForest,discharge_time_s,6.796050167702256
NASA_to_CALCE,CS2_37,RandomForest,avg_voltage,53.3119077057727
NASA_to_CALCE,CS2_37,RandomForest,voltage_drop,0.1716463349186663
NASA_to_CALCE,CS2_37,RandomForest,avg_current,5.041176978009637
NASA_to_CALCE,CS2_37,XGBoost,global_cycle,19.37656021118164
NASA_to_CALCE,CS2_37,XGBoost,discharge_time_s,4.650816440582275
NASA_to_CALCE,CS2_37,XGBoost,avg_voltage,49.01265335083008
NASA_to_CALCE,CS2_37,XGBoost,voltage_drop,0.6276524662971497
NASA_to_CALCE,CS2_37,XGBoost,avg_current,3.223853349685669
NASA_to_CALCE,CS2_38,ElasticNet,global_cycle,54.40203301694761
NASA_to_CALCE,CS2_38,ElasticNet,discharge_time_s,6.633700832308226
NASA_to_CALCE,CS2_38,ElasticNet,avg_voltage,157.1958136957855
NASA_to_CALCE,CS2_38,ElasticNet,voltage_drop,1.884080536654967
NASA_to_CALCE,CS2_38,ElasticNet,avg_current,0.6688775753403516
NASA_to_CALCE,CS2_38,RandomForest,global_cycle,8.328272419183657
NASA_to_CALCE,CS2_38,RandomForest,discharge_time_s,6.51362854285863
NASA_to_CALCE,CS2_38,RandomForest,avg_voltage,53.703330543230734
NASA_to_CALCE,CS2_38,RandomForest,voltage_drop,0.1631544997618563
NASA_to_CALCE,CS2_38,RandomForest,avg_current,5.101053216559161
NASA_to_CALCE,CS2_38,XGBoost,global_cycle,19.917505264282227
NASA_to_CALCE,CS2_38,XGBoost,discharge_time_s,3.802442789077759
NASA_to_CALCE,CS2_38,XGBoost,avg_voltage,49.35305404663086
NASA_to_CALCE,CS2_38,XGBoost,voltage_drop,0.6193812489509583
NASA_to_CALCE,CS2_38,XGBoost,avg_current,3.304871082305908
CALCE_to_NASA,B0005,ElasticNet,global_cycle,59.97857196962424
CALCE_to_NASA,B0005,ElasticNet,discharge_time_s,43.29953573002912
CALCE_to_NASA,B0005,ElasticNet,avg_voltage,423.4510411298394
CALCE_to_NASA,B0005,ElasticNet,voltage_drop,4.756257135040908
CALCE_to_NASA,B0005,ElasticNet,avg_current,253.71673332414736
CALCE_to_NASA,B0005,RandomForest,global_cycle,124.06867992743554
CALCE_to_NASA,B0005,RandomForest,discharge_time_s,24.183764676462214
CALCE_to_NASA,B0005,RandomForest,avg_voltage,4.678385727006429
CALCE_to_NASA,B0005,RandomForest,voltage_drop,6.907871638439822
CALCE_to_NASA,B0005,RandomForest,avg_current,2.9275728042837517
CALCE_to_NASA,B0005,XGBoost,global_cycle,116.54119110107422
CALCE_to_NASA,B0005,XGBoost,discharge_time_s,24.6267147064209
CALCE_to_NASA,B0005,XGBoost,avg_voltage,7.348252296447754
CALCE_to_NASA,B0005,XGBoost,voltage_drop,8.436128616333008
CALCE_to_NASA,B0005,XGBoost,avg_current,1.754471778869629
CALCE_to_NASA,B0006,ElasticNet,global_cycle,82.56390969298458
CALCE_to_NASA,B0006,ElasticNet,discharge_time_s,36.762681126680846
CALCE_to_NASA,B0006,ElasticNet,avg_voltage,451.8726375355411
CALCE_to_NASA,B0006,ElasticNet,voltage_drop,28.53595678624426
CALCE_to_NASA,B0006,ElasticNet,avg_current,260.82813879033995
CALCE_to_NASA,B0006,RandomForest,global_cycle,144.5423775337162
CALCE_to_NASA,B0006,RandomForest,discharge_time_s,32.013760712001606
CALCE_to_NASA,B0006,RandomForest,avg_voltage,3.6704637883073556
CALCE_to_NASA,B0006,RandomForest,voltage_drop,4.003372519556341
CALCE_to_NASA,B0006,RandomForest,avg_current,3.1308736516110516
CALCE_to_NASA,B0006,XGBoost,global_cycle,137.2197265625
CALCE_to_NASA,B0006,XGBoost,discharge_time_s,21.38564682006836
CALCE_to_NASA,B0006,XGBoost,avg_voltage,8.119185447692871
CALCE_to_NASA,B0006,XGBoost,voltage_drop,5.237607002258301
CALCE_to_NASA,B0006,XGBoost,avg_current,2.2342514991760254
CALCE_to_NASA,B0007,ElasticNet,global_cycle,74.47888607217075
CALCE_to_NASA,B0007,ElasticNet,discharge_time_s,42.58110294712624
CALCE_to_NASA,B0007,ElasticNet,avg_voltage,421.69376341880513
CALCE_to_NASA,B0007,ElasticNet,voltage_drop,62.766012299144165
CALCE_to_NASA,B0007,ElasticNet,avg_current,266.5091739073804
CALCE_to_NASA,B0007,RandomForest,global_cycle,123.19252144193727
CALCE_to_NASA,B0007,RandomForest,discharge_time_s,23.789231421526797
CALCE_to_NASA,B0007,RandomForest,avg_voltage,4.667058982816913
CALCE_to_NASA,B0007,RandomForest,voltage_drop,3.9407211842343615
CALCE_to_NASA,B0007,RandomForest,avg_current,3.0132217294699863
CALCE_to_NASA,B0007,XGBoost,global_cycle,116.01170349121094
CALCE_to_NASA,B0007,XGBoost,discharge_time_s,24.381717681884766
CALCE_to_NASA,B0007,XGBoost,avg_voltage,7.342040061950684
CALCE_to_NASA,B0007,XGBoost,voltage_drop,3.993875026702881
CALCE_to_NASA,B0007,XGBoost,avg_current,1.6912424564361572
CALCE_to_NASA,B0018,ElasticNet,global_cycle,72.61386250746612
CALCE_to_NASA,B0018,ElasticNet,discharge_time_s,42.20554178853945
CALCE_to_NASA,B0018,ElasticNet,avg_voltage,449.89665062613165
CALCE_to_NASA,B0018,ElasticNet,voltage_drop,27.920111171938817
CALCE_to_NASA,B0018,ElasticNet,avg_current,257.6359463285358
CALCE_to_NASA,B0018,RandomForest,global_cycle,150.14357694363616
CALCE_to_NASA,B0018,RandomForest,discharge_time_s,24.39963547179112
CALCE_to_NASA,B0018,RandomForest,avg_voltage,4.7190917767233485
CALCE_to_NASA,B0018,RandomForest,voltage_drop,4.445893345769907
CALCE_to_NASA,B0018,RandomForest,avg_current,2.282949909123546
CALCE_to_NASA,B0018,XGBoost,global_cycle,138.75863647460938
CALCE_to_NASA,B0018,XGBoost,discharge_time_s,30.67523193359375
CALCE_to_NASA,B0018,XGBoost,avg_voltage,6.655195236206055
CALCE_to_NASA,B0018,XGBoost,voltage_drop,2.9147400856018066
CALCE_to_NASA,B0018,XGBoost,avg_current,2.1936447620391846
